<?xml version="1.0" encoding="UTF-8" ?>
<!DOCTYPE mapper PUBLIC "-//mybatis.org//DTD Mapper 3.0//EN" "http://mybatis.org/dtd/mybatis-3-mapper.dtd">
<mapper namespace="com.tjoeunit.vo.CategoryVO">

	<!-- 메인 카테고리 한 건을 저장한다. -->
	<insert id="insert" parameterType="vo">
		<!-- nextval : 시퀀스를 증가시킨다. -->
		<!-- currval " 현재 시퀀스를 의미한다. -->
		insert into category (idx, category, ref, lev, seq) 
		values (category_idx_seq.nextval, #{category}, category_idx_seq.currval, 0, 0)
	</insert>
	
	<!-- 전체 카테고리 목록을 얻어온다. -->
	<!--
		답변형 게시판은 글 목록을 얻어올 때 글 그룹(ref)의 내림차순으로 글 그룹이 같다면 글의 순서(seq)의 오름차순
		으로 얻어온다.  
	-->
	<select id="selectList" resultType="vo">
		select * from category order by ref desc, seq asc
	</select>

	<!-- 같은 카테고리 그룹에서 카테고리 출력 순서를 조정하기 위해서 seq를 수정한다. -->
	<update id="increment" parameterType="java.util.HashMap">
		<!-- <![CDATA[ ~ ]]> 사이의 내용은 무조건 문자열로 취급한다. -->
		<!-- ref, seq는 category 테이블의 필드이고 #{ref}, #{seq}는 HashMap 객체에 저장되서 넘어온 데이터이다. -->
		<![CDATA[
		update category set seq = seq + 1 where ref = #{ref} and seq >= #{seq}
		]]>
	</update>

	<!-- 서브 카테고리를 저장한다. -->
	<insert id="reply" parameterType="vo">
		insert into category (idx, category, ref, lev, seq) 
		values (category_idx_seq.nextval, #{category}, #{ref}, #{lev}, #{seq})
	</insert>

	<!-- 카테고리 한 건을 얻어온다. -->
	<select id="selectByIdx" parameterType="int" resultType="vo">
		select * from category where idx = #{idx}
	</select>

	<!-- 카테고리 한 건을 삭제한다. -->
	<delete id="delete" parameterType="int">
		delete from category where idx = #{idx}
	</delete>

	<!-- 카테고리 한 건을 수정한다. -->
	<update id="update" parameterType="vo">
		update category set category = #{category} where idx = #{idx}
	</update>

</mapper>












